Genotype,RU,Tango,T,genecode,treated,RNAi,Abeta,UASarm,treatRNAIint,treatAbetaint
UAS Arm,P,1.02051916093426,1,0,1,0,0,1,0,0
UAS Arm,P,1.58874230466775,1,0,1,0,0,1,0,0
UAS Arm,P,.934092600611056,1,0,1,0,0,1,0,0
UAS Arm,A,.847392359965024,1,0,0,0,0,1,0,0
UAS Arm,A,.908264757702513,1,0,0,0,0,1,0,0
UAS Arm,A,1.09375954300367,1,0,0,0,0,1,0,0
RNAi,P,.686385712307182,1,1,1,1,0,0,1,0
RNAi,P,.72205430178913,1,1,1,1,0,0,1,0
RNAi,P,.814339339425759,1,1,1,1,0,0,1,0
RNAi,A,.257745587408979,1,1,0,1,0,0,0,0
RNAi,A,.313704658165144,1,1,0,1,0,0,0,0
RNAi,A,.593353619734551,1,1,0,1,0,0,0,0
Abeta,P,1.03272034448084,1,2,1,0,1,0,0,1
Abeta,P,1.52238155083483,1,2,1,0,1,0,0,1
Abeta,P,.76521946678551,1,2,1,0,1,0,0,1
Abeta,A,.929127083064481,1,2,0,0,1,0,0,0
Abeta,A,.725092859169564,1,2,0,0,1,0,0,0
Abeta,A,.716863717794257,1,2,0,0,1,0,0,0
